<query><qnum>1</qnum>
<text>
10%감소했다를 읽을 때, 퍼센트라고 읽든 프로라고 읽든 상관없나요?
</text>
</query>
<query><qnum>2</qnum>
<text>
아니요를 아뇨로 줄여서 사용해도 괜찮은가요?
</text>
</query>
<query><qnum>3</qnum>
<text>
김치는 gimchi라고 적는 것이 일반적인가요?
</text>
</query>
<query><qnum>4</qnum>
<text>
해고당하다에서 당하다의 띄어쓰기가 궁금합니다
</text>
</query>
<query><qnum>5</qnum>
<text>
장사가 안된다할 때 안된다의 띄어쓰기는?
</text>
</query>
<query><qnum>6</qnum>
<text>
및이라는 단어의 쓰임에 대해 알려주세요
</text>
</query>
<query><qnum>7</qnum>
<text>
로마자 표기법에서 고유 명사는 무조건 대문자로 시작하는지 아니면 소문자로 적는 경우도 있나요?
</text>
</query>
<query><qnum>8</qnum>
<text>
조사 에와 의의 쓰임에 대해서 알려주세요.
</text>
</query>
<query><qnum>9</qnum>
<text>
양복 한 벌이라고 말할 때 한 벌의 띄어쓰기에 대해 궁금합니다.
</text>
</query>
<query><qnum>10</qnum>
<text>
마침표의 의미와 종류는 무엇인가요?
</text>
</query>
<query><qnum>11</qnum>
<text>
선생님은 붙여서 사용하는데 누구누구님은 어떻게 띄어 쓰나요?
</text>
</query>
<query><qnum>12</qnum>
<text>
친구가 온 상태와 친구가 오는 상태에서 온과 오는의 차이가 무엇인가요?
</text>
</query>
<query><qnum>13</qnum>
<text>
외래어와 외국어의 정확한 차이를 가르쳐 주세요.
</text>
</query>
<query><qnum>14</qnum>
<text>
따옴표의 종류가 두가지가 있는데 각각의 쓰임이 궁금합니다.
</text>
</query>
<query><qnum>15</qnum>
<text>
몇 일과 며칠의 차이에 대해 자세히 알려주세요.
</text>
</query>
<query><qnum>16</qnum>
<text>
입니다는 어떻게 발음되는지 알려주세요.
</text>
</query>
<query><qnum>17</qnum>
<text>
라면은 외래어인가요?
</text>
</query>
<query><qnum>18</qnum>
<text>
그것은을 준 대로 적으면 어떻게 되나요?
</text>
</query>
<query><qnum>19</qnum>
<text>
너도 할 수 있다 혹은 너도 할수있다 중 어떤 것이 알맞나요?
</text>
</query>
<query><qnum>20</qnum>
<text>
접미사 -지와 -치의 쓰임에 대해 자세히 설명해주세요
</text>
</query>
